Frequency,Amplitude (raw FFT)
0.0809,14299.516942885624
0.28600000000000003,14136.364212152039
0.299,15602.487674105685
0.3078,14902.525176199188
0.3456,14142.906363444752
